<application>
  <component name="ProjectJdkTable">
    <jdk version="2">
      <name value="Python 3.8 " />
      <type value="Python SDK" />
      <version value="Python 3.8.0" />
      <homePath value="C:\Users\cat\AppData\Local\Programs\Python\Python38\python.exe" />
      <roots>
        <classPath>
          <root type="composite">
            <root url="file://$USER_HOME$/AppData/Local/Programs/Python/Python38/DLLs" type="simple" />
            <root url="file://$USER_HOME$/AppData/Local/Programs/Python/Python38/Lib" type="simple" />
            <root url="file://$USER_HOME$/AppData/Local/Programs/Python/Python38" type="simple" />
            <root url="file://$USER_HOME$/AppData/Local/Programs/Python/Python38/Lib/site-packages" type="simple" />
            <root url="file://$USER_HOME$/.PyCharm2019.3/system/python_stubs/-654307013" type="simple" />
            <root url="file://$APPLICATION_HOME_DIR$/plugins/python/helpers/python-skeletons" type="simple" />
            <root url="file://$APPLICATION_HOME_DIR$/plugins/python/helpers/typeshed/stdlib/3" type="simple" />
            <root url="file://$APPLICATION_HOME_DIR$/plugins/python/helpers/typeshed/stdlib/2and3" type="simple" />
            <root url="file://$APPLICATION_HOME_DIR$/plugins/python/helpers/typeshed/third_party/3" type="simple" />
            <root url="file://$APPLICATION_HOME_DIR$/plugins/python/helpers/typeshed/third_party/2and3" type="simple" />
          </root>
        </classPath>
        <sourcePath>
          <root type="composite" />
        </sourcePath>
      </roots>
      <additional />
    </jdk>
    <jdk version="2">
      <name value="3.8 @ Ubuntu 18.04" />
      <type value="Python SDK" />
      <version value="Python 3.8.0" />
      <homePath value="wsl://UBUNTU1804/usr/bin/python" />
      <roots>
        <classPath>
          <root type="composite">
            <root url="file://$USER_HOME$/.PyCharm2019.3/system/remote_sources/-905933102/201545293" type="simple" />
            <root url="file://$USER_HOME$/.PyCharm2019.3/system/remote_sources/-905933102/-515372943" type="simple" />
            <root url="file://$USER_HOME$/.PyCharm2019.3/system/remote_sources/-905933102/1183129313" type="simple" />
            <root url="file://$USER_HOME$/.PyCharm2019.3/system/python_stubs/-905933102" type="simple" />
            <root url="file://$APPLICATION_HOME_DIR$/plugins/python/helpers/python-skeletons" type="simple" />
            <root url="file://$APPLICATION_HOME_DIR$/plugins/python/helpers/typeshed/stdlib/3" type="simple" />
            <root url="file://$APPLICATION_HOME_DIR$/plugins/python/helpers/typeshed/stdlib/2and3" type="simple" />
            <root url="file://$APPLICATION_HOME_DIR$/plugins/python/helpers/typeshed/third_party/3" type="simple" />
            <root url="file://$APPLICATION_HOME_DIR$/plugins/python/helpers/typeshed/third_party/2and3" type="simple" />
          </root>
        </classPath>
        <sourcePath>
          <root type="composite" />
        </sourcePath>
      </roots>
      <additional DISTRIBUTION_ID="UBUNTU1804" INTERPRETER_PATH="/usr/bin/python" HELPERS_PATH="/mnt/c/Program Files/JetBrains/PyCharm 2019.3/plugins/python/helpers" INITIALIZED="false" VALID="true" RUN_AS_ROOT_VIA_SUDO="false" SKELETONS_PATH="" VERSION="">
        <PathMappingSettings>
          <option name="pathMappings">
            <list>
              <mapping local-root="$USER_HOME$/.PyCharm2019.3/system/remote_sources/-905933102/201545293" remote-root="/usr/lib/python3.8" />
              <mapping local-root="$USER_HOME$/.PyCharm2019.3/system/remote_sources/-905933102/-515372943" remote-root="/usr/lib/python3.8/site-packages" />
              <mapping local-root="$USER_HOME$/.PyCharm2019.3/system/remote_sources/-905933102/1183129313" remote-root="/usr/lib/python3.8/site-packages/pip-19.0.3-py3.8.egg" />
            </list>
          </option>
        </PathMappingSettings>
      </additional>
    </jdk>
    <jdk version="2">
      <name value="Python 3.7" />
      <type value="Python SDK" />
      <version value="Python 3.7.0" />
      <homePath value="D:\Path\Python\python-3.7.0\python37.exe" />
      <roots>
        <classPath>
          <root type="composite">
            <root url="jar://D:/Path/Python/python-3.7.0/python37.zip!/" type="simple" />
            <root url="file://D:/Path/Python/python-3.7.0" type="simple" />
            <root url="file://$USER_HOME$/.PyCharm2019.3/system/python_stubs/-1112222524" type="simple" />
            <root url="file://$APPLICATION_HOME_DIR$/plugins/python/helpers/python-skeletons" type="simple" />
            <root url="file://$APPLICATION_HOME_DIR$/plugins/python/helpers/typeshed/stdlib/3" type="simple" />
            <root url="file://$APPLICATION_HOME_DIR$/plugins/python/helpers/typeshed/stdlib/2and3" type="simple" />
            <root url="file://$APPLICATION_HOME_DIR$/plugins/python/helpers/typeshed/third_party/3" type="simple" />
            <root url="file://$APPLICATION_HOME_DIR$/plugins/python/helpers/typeshed/third_party/2and3" type="simple" />
          </root>
        </classPath>
        <sourcePath>
          <root type="composite" />
        </sourcePath>
      </roots>
      <additional />
    </jdk>
  </component>
</application>