<application>
  <component name="ProjectJdkTable">
    <jdk version="2">
      <name value="Python 3.8 " />
      <type value="Python SDK" />
      <version value="Python 3.8.0" />
      <homePath value="C:\Users\cat\AppData\Local\Programs\Python\Python38\python.exe" />
      <roots>
        <classPath>
          <root type="composite">
            <root url="file://$USER_HOME$/AppData/Local/Programs/Python/Python38/DLLs" type="simple" />
            <root url="file://$USER_HOME$/AppData/Local/Programs/Python/Python38/Lib" type="simple" />
            <root url="file://$USER_HOME$/AppData/Local/Programs/Python/Python38" type="simple" />
            <root url="file://$USER_HOME$/AppData/Local/Programs/Python/Python38/Lib/site-packages" type="simple" />
            <root url="file://$USER_HOME$/.PyCharm2019.3/system/python_stubs/-654307013" type="simple" />
            <root url="file://$APPLICATION_HOME_DIR$/plugins/python/helpers/python-skeletons" type="simple" />
            <root url="file://$APPLICATION_HOME_DIR$/plugins/python/helpers/typeshed/stdlib/3" type="simple" />
            <root url="file://$APPLICATION_HOME_DIR$/plugins/python/helpers/typeshed/stdlib/2and3" type="simple" />
            <root url="file://$APPLICATION_HOME_DIR$/plugins/python/helpers/typeshed/third_party/3" type="simple" />
            <root url="file://$APPLICATION_HOME_DIR$/plugins/python/helpers/typeshed/third_party/2and3" type="simple" />
          </root>
        </classPath>
        <sourcePath>
          <root type="composite" />
        </sourcePath>
      </roots>
      <additional />
    </jdk>
    <jdk version="2">
      <name value="Python 3.7" />
      <type value="Python SDK" />
      <version value="Python 3.7.0" />
      <homePath value="D:\Path\Python\python-3.7.0\python37.exe" />
      <roots>
        <classPath>
          <root type="composite">
            <root url="jar://D:/Path/Python/python-3.7.0/python37.zip!/" type="simple" />
            <root url="file://D:/Path/Python/python-3.7.0" type="simple" />
            <root url="file://$USER_HOME$/.PyCharm2019.3/system/python_stubs/-1112222524" type="simple" />
            <root url="file://$APPLICATION_HOME_DIR$/plugins/python/helpers/python-skeletons" type="simple" />
            <root url="file://$APPLICATION_HOME_DIR$/plugins/python/helpers/typeshed/stdlib/3" type="simple" />
            <root url="file://$APPLICATION_HOME_DIR$/plugins/python/helpers/typeshed/stdlib/2and3" type="simple" />
            <root url="file://$APPLICATION_HOME_DIR$/plugins/python/helpers/typeshed/third_party/3" type="simple" />
            <root url="file://$APPLICATION_HOME_DIR$/plugins/python/helpers/typeshed/third_party/2and3" type="simple" />
          </root>
        </classPath>
        <sourcePath>
          <root type="composite" />
        </sourcePath>
      </roots>
      <additional />
    </jdk>
    <jdk version="2">
      <name value="3.8 @ Debian GNU/Linux" />
      <type value="Python SDK" />
      <version value="Python 3.8.1" />
      <homePath value="wsl://DEBIAN/usr/bin/python" />
      <roots>
        <classPath>
          <root type="composite">
            <root url="file://$USER_HOME$/.PyCharm2019.3/system/remote_sources/-858177905/201545293" type="simple" />
            <root url="file://$USER_HOME$/.PyCharm2019.3/system/remote_sources/-858177905/-515372943" type="simple" />
            <root url="file://$USER_HOME$/.PyCharm2019.3/system/remote_sources/-858177905/setuptools-40.8.0-py3.8.egg" type="simple" />
            <root url="file://$USER_HOME$/.PyCharm2019.3/system/remote_sources/-858177905/1183129313" type="simple" />
            <root url="file://$USER_HOME$/.PyCharm2019.3/system/python_stubs/-858177905" type="simple" />
            <root url="file://$APPLICATION_HOME_DIR$/plugins/python/helpers/python-skeletons" type="simple" />
            <root url="file://$APPLICATION_HOME_DIR$/plugins/python/helpers/typeshed/stdlib/3" type="simple" />
            <root url="file://$APPLICATION_HOME_DIR$/plugins/python/helpers/typeshed/stdlib/2and3" type="simple" />
            <root url="file://$APPLICATION_HOME_DIR$/plugins/python/helpers/typeshed/third_party/3" type="simple" />
            <root url="file://$APPLICATION_HOME_DIR$/plugins/python/helpers/typeshed/third_party/2and3" type="simple" />
          </root>
        </classPath>
        <sourcePath>
          <root type="composite" />
        </sourcePath>
      </roots>
      <additional DISTRIBUTION_ID="DEBIAN" INTERPRETER_PATH="/usr/bin/python" HELPERS_PATH="/mnt/c/Program Files/JetBrains/PyCharm 2019.3/plugins/python/helpers" INITIALIZED="false" VALID="true" RUN_AS_ROOT_VIA_SUDO="false" SKELETONS_PATH="" VERSION="">
        <PathMappingSettings>
          <option name="pathMappings">
            <list>
              <mapping local-root="$USER_HOME$/.PyCharm2019.3/system/remote_sources/-858177905/201545293" remote-root="/usr/lib/python3.8" />
              <mapping local-root="$USER_HOME$/.PyCharm2019.3/system/remote_sources/-858177905/-515372943" remote-root="/usr/lib/python3.8/site-packages" />
              <mapping local-root="$USER_HOME$/.PyCharm2019.3/system/remote_sources/-858177905/setuptools-40.8.0-py3.8.egg" remote-root="/usr/lib/python3.8/site-packages/setuptools-40.8.0-py3.8.egg" />
              <mapping local-root="$USER_HOME$/.PyCharm2019.3/system/remote_sources/-858177905/1183129313" remote-root="/usr/lib/python3.8/site-packages/pip-19.0.3-py3.8.egg" />
            </list>
          </option>
        </PathMappingSettings>
      </additional>
    </jdk>
    <jdk version="2">
      <name value="3.6 @ Ubuntu 18.04" />
      <type value="Python SDK" />
      <version value="Python 3.6.7" />
      <homePath value="wsl://UBUNTU1804/usr/bin/python3" />
      <roots>
        <classPath>
          <root type="composite" />
        </classPath>
        <sourcePath>
          <root type="composite" />
        </sourcePath>
      </roots>
      <additional DISTRIBUTION_ID="UBUNTU1804" INTERPRETER_PATH="/usr/bin/python3" HELPERS_PATH="/mnt/c/Program Files/JetBrains/PyCharm 2019.3/plugins/python/helpers" INITIALIZED="false" VALID="true" RUN_AS_ROOT_VIA_SUDO="false" SKELETONS_PATH="" VERSION="">
        <PathMappingSettings>
          <option name="pathMappings">
            <list>
              <mapping local-root="$USER_HOME$/.PyCharm2019.3/system/remote_sources/1980844961/201545291" remote-root="/usr/lib/python3.6" />
              <mapping local-root="$USER_HOME$/.PyCharm2019.3/system/remote_sources/1980844961/-1171821208" remote-root="/usr/lib/python3/dist-packages" />
            </list>
          </option>
        </PathMappingSettings>
      </additional>
    </jdk>
    <jdk version="2">
      <name value="2.7 @ Ubuntu 18.04" />
      <type value="Python SDK" />
      <version value="Python 2.7.17" />
      <homePath value="wsl://UBUNTU1804/usr/bin/python" />
      <roots>
        <classPath>
          <root type="composite" />
        </classPath>
        <sourcePath>
          <root type="composite" />
        </sourcePath>
      </roots>
      <additional DISTRIBUTION_ID="UBUNTU1804" INTERPRETER_PATH="/usr/bin/python" HELPERS_PATH="/mnt/c/Program Files/JetBrains/PyCharm 2019.3/plugins/python/helpers" INITIALIZED="false" VALID="true" RUN_AS_ROOT_VIA_SUDO="false" SKELETONS_PATH="" VERSION="">
        <PathMappingSettings>
          <option name="pathMappings">
            <list>
              <mapping local-root="$USER_HOME$/.PyCharm2019.3/system/remote_sources/-905933102/201544331" remote-root="/usr/lib/python2.7" />
              <mapping local-root="$USER_HOME$/.PyCharm2019.3/system/remote_sources/-905933102/724150857" remote-root="/usr/lib/python2.7/plat-x86_64-linux-gnu" />
              <mapping local-root="$USER_HOME$/.PyCharm2019.3/system/remote_sources/-905933102/-154863933" remote-root="/usr/lib/python2.7/lib-tk" />
              <mapping local-root="$USER_HOME$/.PyCharm2019.3/system/remote_sources/-905933102/-2006528493" remote-root="/usr/lib/python2.7/lib-dynload" />
              <mapping local-root="$USER_HOME$/.PyCharm2019.3/system/remote_sources/-905933102/-1012996295" remote-root="/home/ocean/.local/lib/python2.7/site-packages" />
              <mapping local-root="$USER_HOME$/.PyCharm2019.3/system/remote_sources/-905933102/-125940560" remote-root="/usr/lib/python2.7/dist-packages" />
            </list>
          </option>
        </PathMappingSettings>
      </additional>
    </jdk>
  </component>
</application>